"dataImg","productsTitles","originalPrices"
"//cdn.shopify.com/s/files/1/0103/7195/6793/products/karya-bestari-al-quran-al-quran-al-karim-amazing-edisi-baharu-32262585909401_300x.jpg?v=1632732383","
  Nabi ﷺ Juga Seorang Manusia by Khubaib Akhi
","RM35.00"
"//cdn.shopify.com/s/files/1/0103/7195/6793/products/iman-publication-buku-the-spiritual-strength-in-our-scars-by-liyana-musfirah-100053-19357092446361_300x.png?v=1628107850","
  Iman's Mealtime Adventure: A Story About Mindfulness and Syukr by Huda Nawawi
","RM35.00"
"//cdn.shopify.com/s/files/1/0103/7195/6793/products/iman-shoppe-bookstore-al-quran-al-karim-the-noble-quran-word-by-word-translation-a5-35016822128793_300x.png?v=1657595421","
  Komik Asil Pelindung Khalifah #1 
","RM28.00"
"//cdn.shopify.com/s/files/1/0103/7195/6793/products/iman-publication-buku-call-upon-him-by-mizi-wahid-100074-31287544316057_300x.png?v=1628092002","Al-Quran Al-Karim Amazing Edisi Baharu ","RM28.00"
"//cdn.shopify.com/s/files/1/0103/7195/6793/products/karya-bestari-al-quran-tafsir-pink-al-quran-al-karim-mushaf-resam-uthmani-dengan-tajwid-kaedah-berwarna-waqaf-dan-ibtida-a5-25508940349593_300x.png?v=1643899716","The Spiritual Strength In Our Scars By Liyana Musfirah","RM145.00"
"//cdn.shopify.com/s/files/1/0103/7195/6793/products/iman-publication-book-as-is-sisi-berakhlak-yang-hilang-by-hasrizal-abdul-jamil-1006561-35518477992089_300x.png?v=1663947255","Al-Quran Al-Karim The Noble Quran Word-By-Word Translation A5","RM145.00"
"//cdn.shopify.com/s/files/1/0103/7195/6793/products/karya-bestari-al-quran-merah-al-quran-al-karim-terjemahan-perkata-tajwid-berwarna-al-andalus-a4-201237-31353593495705_300x.png?v=1628013353","Call Upon Him By Mizi Wahid","RM45.00"
"//cdn.shopify.com/s/files/1/0103/7195/6793/products/iman-publication-merchandise-winter-aayah-of-the-day-diary-as-is-ipaotdw-30700825641113_300x.png?v=1677825331","Al-Quran Al-Karim Mushaf Resam Uthmani Dengan Tajwid Kaedah Berwarna Waqaf Dan Ibtida' A5 ","RM45.00"
"//cdn.shopify.com/s/files/1/0103/7195/6793/products/karya-bestari-al-quran-green-al-quran-al-karim-word-by-word-translation-color-coded-tajweed-the-noble-quran-a4-201881-13631029280825_300x.png?v=1628134848","[DEFECT] Sisi Berakhlak Yang Hilang By Hasrizal Abdul Jamil","RM50.00"
"//cdn.shopify.com/s/files/1/0103/7195/6793/products/kube-publishing-buku-let-us-be-muslims-9171165380665_300x.jpg?v=1579694339","Al-Quran Al-Karim Terjemahan Perkata & Tajwid Berwarna Al-Andalus A4 ","RM50.00"
"//cdn.shopify.com/s/files/1/0103/7195/6793/products/inisiatif-buku-darul-ehsan-buku-abu-bakr-as-siddiq-liku-liku-hayat-pemerintahan-khalifah-pertama-by-muhammad-hussein-haikal-201206-34476910215321_300x.png?v=1651216985","[DEFECT] Aayah Of The Day (Diary)","RM55.00"
"//cdn.shopify.com/s/files/1/0103/7195/6793/products/kube-publishing-buku-worship-in-islam-an-in-depth-study-of-ibadah-salah-and-sawm-9171350978617_300x.jpg?v=1579775225","Al-Quran Al-Karim Word By Word Translation & Color Coded Tajweed The Noble Quran A4 ","RM55.00"
"//cdn.shopify.com/s/files/1/0103/7195/6793/products/iman-publication-buku-the-art-of-letting-god-softcover-edition-by-mizi-wahid-202839-31593159098521_300x.png?v=1629204389","Let Us Be Muslims By Sayyid Abdul A'la Mawdudi","RM40.00"
"//cdn.shopify.com/s/files/1/0103/7195/6793/products/tertib-publishing-book-healing-the-emptiness-by-yasmin-mogahed-201201-34547990134937_300x.png?v=1652320155","Abu Bakr As-Siddiq: Liku-Liku Hayat & Pemerintahan Khalifah Pertama By Muhammad Hussein Haikal","RM40.00"
"//cdn.shopify.com/s/files/1/0103/7195/6793/products/iman-publication-buku-you-are-loved-softcover-edition-by-mizi-wahid-202841-31593166373017_300x.png?v=1629204395","Worship In Islam An In-Depth Study Of Ibadah, Salah And Sawm By Abul A'la Mawdudiï","RM35.00"
"//cdn.shopify.com/s/files/1/0103/7195/6793/products/iman-shoppe-bookstore-book-timeless-seeds-of-advice-by-b-b-abdulla-201036-32011371708569_300x.png?v=1631499923","The Art Of Letting God (Softcover Edition) By Mizi Wahid","RM35.00"
"//cdn.shopify.com/s/files/1/0103/7195/6793/products/iman-publication-book-nabi-juga-seorang-manusia-by-khubaib-akhi-201057-32521459204249_300x.png?v=1634119642","Healing The Emptiness By Yasmin Mogahed","RM80.00"
"//cdn.shopify.com/s/files/1/0103/7195/6793/products/paradigma-ibrah-sdn-bhd-buku-di-bawah-teduhan-kisah-kisah-zulqarnain-as-by-syaari-ab-rahman-201227-34806748086425_300x.png?v=1655258295","You Are Loved (Softcover Edition) By Mizi Wahid","RM80.00"
"//cdn.shopify.com/s/files/1/0103/7195/6793/products/iman-publication-buku-pre-order-perjalanan-muhammad-menjadi-sempurna-by-khubaib-akhi-201363-35647595544729_300x.png?v=1665721879","Timeless Seeds Of Advice By B. B. Abdulla","RM35.00"
"//cdn.shopify.com/s/files/1/0103/7195/6793/products/iman-publication-buku-pre-order-perempuan-perempuan-yang-berbudi-dalam-al-quran-by-syaari-ab-rahman-nurul-suhadah-shuib-201362-35647596724377_300x.png?v=1665722418","Nabi ﷺ Juga Seorang Manusia By Khubaib Akhi","RM35.00"
"//cdn.shopify.com/s/files/1/0103/7195/6793/products/inisiatif-buku-darul-ehsan-buku-penyucian-kalbu-tanda-penyakit-hati-amp-penawarnya-by-hamza-yusuf-201433-35998009753753_300x.png?v=1670572870","Di Bawah Teduhan Kisah- Kisah Zulqarnain AS By Syaari Ab Rahman","RM80.00"
"//cdn.shopify.com/s/files/1/0103/7195/6793/products/tertib-publishing-buku-i-lost-my-way-finding-happiness-after-despair-by-yasmin-mogahed-200978-18395670872217_300x.png?v=1628148906","Perjalanan Muhammad ﷺ Menuju Sempurna By Khubaib Akhi","RM80.00"
"//cdn.shopify.com/s/files/1/0103/7195/6793/products/inisiatif-buku-darul-ehsan-buku-muhammad-riwayat-hidup-berdasarkan-sumber-terawal-isdemrhbst-29561134809241_300x.png?v=1618886860","Perempuan-Perempuan Berbudi Dalam Al-Quran By Syaari Ab Rahman & Nurul Suhadah Shuib","RM85.00"
"//cdn.shopify.com/s/files/1/0103/7195/6793/products/naulit-publishing-buku-secrets-of-divine-love-a-spiritual-journey-into-the-heart-of-islam-by-a-helwa-202117-18834123718809_300x.png?v=1628157166","Penyucian Kalbu: Tanda Penyakit Hati & Penawarnya By Hamza Yusuf","RM85.00"